,ID,Origin,Frame #s,Actual Item,Sentence (Player A made/forced Player B...),Outcome desirability for B,POS,board0,board1,board2,DOI
0,5_0_12,"[0,1,2,3,X,5,6,7,8] → [0,1,2,O,X,5,6,7,8] → [0,1,2,O,X,5,6,7,X] → [0,1,O,O,X,5,6,7,X] → [X,1,O,O,X,5,6,7,X]",12,"[0,1,2,3,4,5,6,7,8] → [0,1,2,3,X,5,6,7,8] → [0,1,2,O,X,5,6,7,8]",Player X made/forced Player O...,0,0.115642539,"[0,1,2,3,4,5,6,7,8]","[0,1,2,3,X,5,6,7,8]","[0,1,2,O,X,5,6,7,8]",0.111111111
1,5_0_23,"[0,1,2,3,X,5,6,7,8] → [0,1,2,O,X,5,6,7,8] → [0,1,2,O,X,5,6,7,X] → [0,1,O,O,X,5,6,7,X] → [X,1,O,O,X,5,6,7,X]",23,"[0,1,2,3,X,5,6,7,8] → [0,1,2,O,X,5,6,7,8] → [0,1,2,O,X,5,6,7,X]",Player O made/forced Player X...,1,0.141463943,"[0,1,2,3,X,5,6,7,8]","[0,1,2,O,X,5,6,7,8]","[0,1,2,O,X,5,6,7,X]",0.25
2,5_0_34,"[0,1,2,3,X,5,6,7,8] → [0,1,2,O,X,5,6,7,8] → [0,1,2,O,X,5,6,7,X] → [0,1,O,O,X,5,6,7,X] → [X,1,O,O,X,5,6,7,X]",34,"[0,1,2,O,X,5,6,7,8] → [0,1,2,O,X,5,6,7,X] → [0,1,O,O,X,5,6,7,X]",Player X made/forced Player O...,0,0.140089844,"[0,1,2,O,X,5,6,7,8]","[0,1,2,O,X,5,6,7,X]","[0,1,O,O,X,5,6,7,X]",0.166666667
3,5_0_45,"[0,1,2,3,X,5,6,7,8] → [0,1,2,O,X,5,6,7,8] → [0,1,2,O,X,5,6,7,X] → [0,1,O,O,X,5,6,7,X] → [X,1,O,O,X,5,6,7,X]",45,"[0,1,2,O,X,5,6,7,X] → [0,1,O,O,X,5,6,7,X] → [X,1,O,O,X,5,6,7,X]",Player O made/forced Player X...,1,0.346084684,"[0,1,2,O,X,5,6,7,X]","[0,1,O,O,X,5,6,7,X]","[X,1,O,O,X,5,6,7,X]",0.194729252
4,5_25_12,"[0,X,2,3,4,5,6,7,8] → [0,X,2,O,4,5,6,7,8] → [X,X,2,O,4,5,6,7,8] → [X,X,2,O,4,O,6,7,8] → [X,X,X,O,4,O,6,7,8]",12,"[0,1,2,3,4,5,6,7,8] → [0,X,2,3,4,5,6,7,8] → [0,X,2,O,4,5,6,7,8]",Player X made/forced Player O...,0,0.115642539,"[0,1,2,3,4,5,6,7,8]","[0,X,2,3,4,5,6,7,8]","[0,X,2,O,4,5,6,7,8]",0.111111111
5,5_25_23,"[0,X,2,3,4,5,6,7,8] → [0,X,2,O,4,5,6,7,8] → [X,X,2,O,4,5,6,7,8] → [X,X,2,O,4,O,6,7,8] → [X,X,X,O,4,O,6,7,8]",23,"[0,X,2,3,4,5,6,7,8] → [0,X,2,O,4,5,6,7,8] → [X,X,2,O,4,5,6,7,8]",Player O made/forced Player X...,1,0.182203073,"[0,X,2,3,4,5,6,7,8]","[0,X,2,O,4,5,6,7,8]","[X,X,2,O,4,5,6,7,8]",0.25
6,5_25_34,"[0,X,2,3,4,5,6,7,8] → [0,X,2,O,4,5,6,7,8] → [X,X,2,O,4,5,6,7,8] → [X,X,2,O,4,O,6,7,8] → [X,X,X,O,4,O,6,7,8]",34,"[0,X,2,O,4,5,6,7,8] → [X,X,2,O,4,5,6,7,8] → [X,X,2,O,4,O,6,7,8]",Player X made/forced Player O...,0,0.140089844,"[0,X,2,O,4,5,6,7,8]","[X,X,2,O,4,5,6,7,8]","[X,X,2,O,4,O,6,7,8]",0.5
7,5_25_45,"[0,X,2,3,4,5,6,7,8] → [0,X,2,O,4,5,6,7,8] → [X,X,2,O,4,5,6,7,8] → [X,X,2,O,4,O,6,7,8] → [X,X,X,O,4,O,6,7,8]",45,"[X,X,2,O,4,5,6,7,8] → [X,X,2,O,4,O,6,7,8] → [X,X,X,O,4,O,6,7,8]",Player O made/forced Player X...,1,0.346084684,"[X,X,2,O,4,5,6,7,8]","[X,X,2,O,4,O,6,7,8]","[X,X,X,O,4,O,6,7,8]",0.194729252
8,5_5_12,"[X,1,2,3,4,5,6,7,8] → [X,1,2,3,O,5,6,7,8] → [X,X,2,3,O,5,6,7,8] → [X,X,2,3,O,5,O,7,8] → [X,X,X,3,O,5,O,7,8]",12,"[0,1,2,3,4,5,6,7,8] → [X,1,2,3,4,5,6,7,8] → [X,1,2,3,O,5,6,7,8]",Player X made/forced Player O...,0,0.236045874,"[0,1,2,3,4,5,6,7,8]","[X,1,2,3,4,5,6,7,8]","[X,1,2,3,O,5,6,7,8]",0.111111111
9,5_5_23,"[X,1,2,3,4,5,6,7,8] → [X,1,2,3,O,5,6,7,8] → [X,X,2,3,O,5,6,7,8] → [X,X,2,3,O,5,O,7,8] → [X,X,X,3,O,5,O,7,8]",23,"[X,1,2,3,4,5,6,7,8] → [X,1,2,3,O,5,6,7,8] → [X,X,2,3,O,5,6,7,8]",Player O made/forced Player X...,1,0.142857143,"[X,1,2,3,4,5,6,7,8]","[X,1,2,3,O,5,6,7,8]","[X,X,2,3,O,5,6,7,8]",0.007112438
10,5_5_34,"[X,1,2,3,4,5,6,7,8] → [X,1,2,3,O,5,6,7,8] → [X,X,2,3,O,5,6,7,8] → [X,X,2,3,O,5,O,7,8] → [X,X,X,3,O,5,O,7,8]",34,"[X,1,2,3,O,5,6,7,8] → [X,X,2,3,O,5,6,7,8] → [X,X,2,3,O,5,O,7,8]",Player X made/forced Player O...,0,0.140089844,"[X,1,2,3,O,5,6,7,8]","[X,X,2,3,O,5,6,7,8]","[X,X,2,3,O,5,O,7,8]",0.142857143
11,5_5_45,"[X,1,2,3,4,5,6,7,8] → [X,1,2,3,O,5,6,7,8] → [X,X,2,3,O,5,6,7,8] → [X,X,2,3,O,5,O,7,8] → [X,X,X,3,O,5,O,7,8]",45,"[X,X,2,3,O,5,6,7,8] → [X,X,2,3,O,5,O,7,8] → [X,X,X,3,O,5,O,7,8]",Player O made/forced Player X...,1,0.346084684,"[X,X,2,3,O,5,6,7,8]","[X,X,2,3,O,5,O,7,8]","[X,X,X,3,O,5,O,7,8]",0.2
12,5_75_12,"[0,1,2,3,4,5,X,7,8] → [0,1,2,3,O,5,X,7,8] → [X,1,2,3,O,5,X,7,8] → [X,O,2,3,O,5,X,7,8] → [X,O,2,X,O,5,X,7,8]",12,"[0,1,2,3,4,5,6,7,8] → [0,1,2,3,4,5,X,7,8] → [0,1,2,3,O,5,X,7,8]",Player X made/forced Player O...,0,0.236045874,"[0,1,2,3,4,5,6,7,8]","[0,1,2,3,4,5,X,7,8]","[0,1,2,3,O,5,X,7,8]",0.111111111
13,5_75_23,"[0,1,2,3,4,5,X,7,8] → [0,1,2,3,O,5,X,7,8] → [X,1,2,3,O,5,X,7,8] → [X,O,2,3,O,5,X,7,8] → [X,O,2,X,O,5,X,7,8]",23,"[0,1,2,3,4,5,X,7,8] → [0,1,2,3,O,5,X,7,8] → [X,1,2,3,O,5,X,7,8]",Player O made/forced Player X...,1,0.142857143,"[0,1,2,3,4,5,X,7,8]","[0,1,2,3,O,5,X,7,8]","[X,1,2,3,O,5,X,7,8]",0.007112438
14,5_75_34,"[0,1,2,3,4,5,X,7,8] → [0,1,2,3,O,5,X,7,8] → [X,1,2,3,O,5,X,7,8] → [X,O,2,3,O,5,X,7,8] → [X,O,2,X,O,5,X,7,8]",34,"[0,1,2,3,O,5,X,7,8] → [X,1,2,3,O,5,X,7,8] → [X,O,2,3,O,5,X,7,8]",Player X made/forced Player O...,0,0.140089844,"[0,1,2,3,O,5,X,7,8]","[X,1,2,3,O,5,X,7,8]","[X,O,2,3,O,5,X,7,8]",0.142857143
15,5_75_45,"[0,1,2,3,4,5,X,7,8] → [0,1,2,3,O,5,X,7,8] → [X,1,2,3,O,5,X,7,8] → [X,O,2,3,O,5,X,7,8] → [X,O,2,X,O,5,X,7,8]",45,"[X,1,2,3,O,5,X,7,8] → [X,O,2,3,O,5,X,7,8] → [X,O,2,X,O,5,X,7,8]",Player O made/forced Player X...,1,0.346084684,"[X,1,2,3,O,5,X,7,8]","[X,O,2,3,O,5,X,7,8]","[X,O,2,X,O,5,X,7,8]",0.2
16,4_0_12,"[0,1,2,3,4,X,6,7,8] → [O,1,2,3,4,X,6,7,8] → [O,1,2,3,X,X,6,7,8] → [O,1,2,3,X,X,O,7,8] → [O,1,X,3,X,X,O,7,8] → [O,1,X,O,X,X,O,7,8]",12,"[0,1,2,3,4,5,6,7,8] → [0,1,2,3,4,X,6,7,8] → [O,1,2,3,4,X,6,7,8]",Player X made/forced Player O...,1,0.115642539,"[0,1,2,3,4,5,6,7,8]","[0,1,2,3,4,X,6,7,8]","[O,1,2,3,4,X,6,7,8]",0.111111111
17,4_0_23,"[0,1,2,3,4,X,6,7,8] → [O,1,2,3,4,X,6,7,8] → [O,1,2,3,X,X,6,7,8] → [O,1,2,3,X,X,O,7,8] → [O,1,X,3,X,X,O,7,8] → [O,1,X,O,X,X,O,7,8]",23,"[0,1,2,3,4,X,6,7,8]  → [O,1,2,3,4,X,6,7,8] → [O,1,2,3,X,X,6,7,8]",Player O made/forced Player X...,0,0.122660571,"[0,1,2,3,4,X,6,7,8]","[O,1,2,3,4,X,6,7,8]","[O,1,2,3,X,X,6,7,8]",0.25
18,4_0_34,"[0,1,2,3,4,X,6,7,8] → [O,1,2,3,4,X,6,7,8] → [O,1,2,3,X,X,6,7,8] → [O,1,2,3,X,X,O,7,8] → [O,1,X,3,X,X,O,7,8] → [O,1,X,O,X,X,O,7,8]",34,"[O,1,2,3,4,X,6,7,8] → [O,1,2,3,X,X,6,7,8] → [O,1,2,3,X,X,O,7,8]",Player X made/forced Player O...,1,0.140089844,"[O,1,2,3,4,X,6,7,8]","[O,1,2,3,X,X,6,7,8]","[O,1,2,3,X,X,O,7,8]",0.049787068
19,4_0_45,"[0,1,2,3,4,X,6,7,8] → [O,1,2,3,4,X,6,7,8] → [O,1,2,3,X,X,6,7,8] → [O,1,2,3,X,X,O,7,8] → [O,1,X,3,X,X,O,7,8] → [O,1,X,O,X,X,O,7,8]",45,"[O,1,2,3,X,X,6,7,8] → [O,1,2,3,X,X,O,7,8] → [O,1,X,3,X,X,O,7,8]",Player O made/forced Player X...,0,0.163478829,"[O,1,2,3,X,X,6,7,8]","[O,1,2,3,X,X,O,7,8]","[O,1,X,3,X,X,O,7,8]",0.2
20,4_0_56,"[0,1,2,3,4,X,6,7,8] → [O,1,2,3,4,X,6,7,8] → [O,1,2,3,X,X,6,7,8] → [O,1,2,3,X,X,O,7,8] → [O,1,X,3,X,X,O,7,8] → [O,1,X,O,X,X,O,7,8]",56,"[O,1,2,3,X,X,O,7,8] → [O,1,X,3,X,X,O,7,8] → [O,1,X,O,X,X,O,7,8]",Player X made/forced Player O...,1,0.409682283,"[O,1,2,3,X,X,O,7,8]","[O,1,X,3,X,X,O,7,8]","[O,1,X,O,X,X,O,7,8]",0.00012341
21,4_25_12,"[0,1,2,3,4,5,6,7,X] → [0,1,2,3,O,5,6,7,X] → [X,1,2,3,O,5,6,7,X] → [X,O,2,3,O,5,6,7,X] → [X,O,2,3,O,X,6,7,X] → [X,O,2,3,O,X,6,O,X]",12,"[0,1,2,3,4,5,6,7,8] → [0,1,2,3,4,5,6,7,X] → [0,1,2,3,O,5,6,7,X]",Player X made/forced Player O...,1,0.236045874,"[0,1,2,3,4,5,6,7,8]","[0,1,2,3,4,5,6,7,X]","[0,1,2,3,O,5,6,7,X]",0.111111111
22,4_25_23,"[0,1,2,3,4,5,6,7,X] → [0,1,2,3,O,5,6,7,X] → [X,1,2,3,O,5,6,7,X] → [X,O,2,3,O,5,6,7,X] → [X,O,2,3,O,X,6,7,X] → [X,O,2,3,O,X,6,O,X]",23,"[0,1,2,3,4,5,6,7,X] → [0,1,2,3,O,5,6,7,X] → [X,1,2,3,O,5,6,7,X]",Player O made/forced Player X...,0,0.142857143,"[0,1,2,3,4,5,6,7,X]","[0,1,2,3,O,5,6,7,X]","[X,1,2,3,O,5,6,7,X]",0.007112438
23,4_25_34,"[0,1,2,3,4,5,6,7,X] → [0,1,2,3,O,5,6,7,X] → [X,1,2,3,O,5,6,7,X] → [X,O,2,3,O,5,6,7,X] → [X,O,2,3,O,X,6,7,X] → [X,O,2,3,O,X,6,O,X]",34,"[0,1,2,3,O,5,6,7,X] → [X,1,2,3,O,5,6,7,X] → [X,O,2,3,O,5,6,7,X]",Player X made/forced Player O...,1,0.172126673,"[0,1,2,3,O,5,6,7,X]","[X,1,2,3,O,5,6,7,X]","[X,O,2,3,O,5,6,7,X]",0.142857143
24,4_25_45,"[0,1,2,3,4,5,6,7,X] → [0,1,2,3,O,5,6,7,X] → [X,1,2,3,O,5,6,7,X] → [X,O,2,3,O,5,6,7,X] → [X,O,2,3,O,X,6,7,X] → [X,O,2,3,O,X,6,O,X]",45,"[X,1,2,3,O,5,6,7,X] → [X,O,2,3,O,5,6,7,X] → [X,O,2,3,O,X,6,7,X]",Player O made/forced Player X...,0,0.163478829,"[X,1,2,3,O,5,6,7,X]","[X,O,2,3,O,5,6,7,X]","[X,O,2,3,O,X,6,7,X]",0.024893534
25,4_25_56,"[0,1,2,3,4,5,6,7,X] → [0,1,2,3,O,5,6,7,X] → [X,1,2,3,O,5,6,7,X] → [X,O,2,3,O,5,6,7,X] → [X,O,2,3,O,X,6,7,X] → [X,O,2,3,O,X,6,O,X]",56,"[X,O,2,3,O,5,6,7,X] → [X,O,2,3,O,X,6,7,X] → [X,O,2,3,O,X,6,O,X]",Player X made/forced Player O...,1,0.409682283,"[X,O,2,3,O,5,6,7,X]","[X,O,2,3,O,X,6,7,X]","[X,O,2,3,O,X,6,O,X]",0
26,4_5_12,"[0,X,2,3,4,5,6,7,8] → [O,X,2,3,4,5,6,7,8] → [O,X,2,X,4,5,6,7,8] → [O,X,2,X,4,5,6,7,O] → [O,X,2,X,4,X,6,7,O] → [O,X,2,X,O,X,6,7,O]",12,"[0,1,2,3,4,5,6,7,8] → [0,X,2,3,4,5,6,7,8] → [O,X,2,3,4,5,6,7,8]",Player X made/forced Player O...,1,0.134357461,"[0,1,2,3,4,5,6,7,8]","[0,X,2,3,4,5,6,7,8]","[O,X,2,3,4,5,6,7,8]",0.111111111
27,4_5_23,"[0,X,2,3,4,5,6,7,8] → [O,X,2,3,4,5,6,7,8] → [O,X,2,X,4,5,6,7,8] → [O,X,2,X,4,5,6,7,O] → [O,X,2,X,4,X,6,7,O] → [O,X,2,X,O,X,6,7,O]",23,"[0,X,2,3,4,5,6,7,8] → [O,X,2,3,4,5,6,7,8] → [O,X,2,X,4,5,6,7,8]",Player O made/forced Player X...,0,0.150931551,"[0,X,2,3,4,5,6,7,8]","[O,X,2,3,4,5,6,7,8]","[O,X,2,X,4,5,6,7,8]",0.012446767
28,4_5_34,"[0,X,2,3,4,5,6,7,8] → [O,X,2,3,4,5,6,7,8] → [O,X,2,X,4,5,6,7,8] → [O,X,2,X,4,5,6,7,O] → [O,X,2,X,4,X,6,7,O] → [O,X,2,X,O,X,6,7,O]",34,"[O,X,2,3,4,5,6,7,8] → [O,X,2,X,4,5,6,7,8] → [O,X,2,X,4,5,6,7,O]",Player X made/forced Player O...,1,0.150055334,"[O,X,2,3,4,5,6,7,8]","[O,X,2,X,4,5,6,7,8]","[O,X,2,X,4,5,6,7,O]",0.25
29,4_5_45,"[0,X,2,3,4,5,6,7,8] → [O,X,2,3,4,5,6,7,8] → [O,X,2,X,4,5,6,7,8] → [O,X,2,X,4,5,6,7,O] → [O,X,2,X,4,X,6,7,O] → [O,X,2,X,O,X,6,7,O]",45,"[O,X,2,X,4,5,6,7,8] → [O,X,2,X,4,5,6,7,O] → [O,X,2,X,4,X,6,7,O]",Player O made/forced Player X...,0,0.163478829,"[O,X,2,X,4,5,6,7,8]","[O,X,2,X,4,5,6,7,O]","[O,X,2,X,4,X,6,7,O]",0.333333333
30,4_5_56,"[0,X,2,3,4,5,6,7,8] → [O,X,2,3,4,5,6,7,8] → [O,X,2,X,4,5,6,7,8] → [O,X,2,X,4,5,6,7,O] → [O,X,2,X,4,X,6,7,O] → [O,X,2,X,O,X,6,7,O]",56,"[O,X,2,X,4,5,6,7,O] → [O,X,2,X,4,X,6,7,O] → [O,X,2,X,O,X,6,7,O]",Player X made/forced Player O...,1,0.409682283,"[O,X,2,X,4,5,6,7,O]","[O,X,2,X,4,X,6,7,O]","[O,X,2,X,O,X,6,7,O]",0.000911882
31,4_75_12,"[0,1,2,X,4,5,6,7,8] → [O,1,2,X,4,5,6,7,8] → [O,X,2,X,4,5,6,7,8] → [O,X,2,X,O,5,6,7,8] → [O,X,X,X,O,5,6,7,8] → [O,X,X,X,O,5,6,7,O]",12,"[0,1,2,3,4,5,6,7,8] → [0,1,2,X,4,5,6,7,8] → [O,1,2,X,4,5,6,7,8]",Player X made/forced Player O...,1,0.134357461,"[0,1,2,3,4,5,6,7,8]","[0,1,2,X,4,5,6,7,8]","[O,1,2,X,4,5,6,7,8]",0.111111111
32,4_75_23,"[0,1,2,X,4,5,6,7,8] → [O,1,2,X,4,5,6,7,8] → [O,X,2,X,4,5,6,7,8] → [O,X,2,X,O,5,6,7,8] → [O,X,X,X,O,5,6,7,8] → [O,X,X,X,O,5,6,7,O]",23,"[0,1,2,X,4,5,6,7,8] → [O,1,2,X,4,5,6,7,8] → [O,X,2,X,4,5,6,7,8]",Player O made/forced Player X...,0,0.150931551,"[0,1,2,X,4,5,6,7,8]","[O,1,2,X,4,5,6,7,8]","[O,X,2,X,4,5,6,7,8]",0.012446767
33,4_75_34,"[0,1,2,X,4,5,6,7,8] → [O,1,2,X,4,5,6,7,8] → [O,X,2,X,4,5,6,7,8] → [O,X,2,X,O,5,6,7,8] → [O,X,X,X,O,5,6,7,8] → [O,X,X,X,O,5,6,7,O]",34,"[O,1,2,X,4,5,6,7,8] → [O,X,2,X,4,5,6,7,8] → [O,X,2,X,O,5,6,7,8]",Player X made/forced Player O...,1,0.183277999,"[O,1,2,X,4,5,6,7,8]","[O,X,2,X,4,5,6,7,8]","[O,X,2,X,O,5,6,7,8]",0.25
34,4_75_45,"[0,1,2,X,4,5,6,7,8] → [O,1,2,X,4,5,6,7,8] → [O,X,2,X,4,5,6,7,8] → [O,X,2,X,O,5,6,7,8] → [O,X,X,X,O,5,6,7,8] → [O,X,X,X,O,5,6,7,O]",45,"[O,X,2,X,4,5,6,7,8] → [O,X,2,X,O,5,6,7,8] → [O,X,X,X,O,5,6,7,8]",Player O made/forced Player X...,0,0.163478829,"[O,X,2,X,4,5,6,7,8]","[O,X,2,X,O,5,6,7,8]","[O,X,X,X,O,5,6,7,8]",0.016595689
35,4_75_56,"[0,1,2,X,4,5,6,7,8] → [O,1,2,X,4,5,6,7,8] → [O,X,2,X,4,5,6,7,8] → [O,X,2,X,O,5,6,7,8] → [O,X,X,X,O,5,6,7,8] → [O,X,X,X,O,5,6,7,O]",56,"[O,X,2,X,O,5,6,7,8] → [O,X,X,X,O,5,6,7,8] → [O,X,X,X,O,5,6,7,O]",Player X made/forced Player O...,1,0.409682283,"[O,X,2,X,O,5,6,7,8]","[O,X,X,X,O,5,6,7,8]","[O,X,X,X,O,5,6,7,O]",0
36,3_0_12,"[0,1,X,3,4,5,6,7,8] → [0,O,X,3,4,5,6,7,8] → [0,O,X,3,4,5,6,X,8] → [0,O,X,3,4,O,6,X,8] → [0,O,X,3,X,O,6,X,8] → [O,O,X,3,X,O,6,X,8] → [O,O,X,3,X,O,X,X,8]",12,"[0,1,2,3,4,5,6,7,8] → [0,1,X,3,4,5,6,7,8] → [0,O,X,3,4,5,6,7,8]",Player X made/forced Player O...,0,0.109136304,"[0,1,2,3,4,5,6,7,8]","[0,1,X,3,4,5,6,7,8]","[0,O,X,3,4,5,6,7,8]",0.111111111
37,3_0_23,"[0,1,X,3,4,5,6,7,8] → [0,O,X,3,4,5,6,7,8] → [0,O,X,3,4,5,6,X,8] → [0,O,X,3,4,O,6,X,8] → [0,O,X,3,X,O,6,X,8] → [O,O,X,3,X,O,6,X,8] → [O,O,X,3,X,O,X,X,8]",23,"[0,1,X,3,4,5,6,7,8] → [0,O,X,3,4,5,6,7,8] → [0,O,X,3,4,5,6,X,8]",Player O made/forced Player X...,1,0.129436598,"[0,1,X,3,4,5,6,7,8]","[0,O,X,3,4,5,6,7,8]","[0,O,X,3,4,5,6,X,8]",0.142857143
38,3_0_34,"[0,1,X,3,4,5,6,7,8] → [0,O,X,3,4,5,6,7,8] → [0,O,X,3,4,5,6,X,8] → [0,O,X,3,4,O,6,X,8] → [0,O,X,3,X,O,6,X,8] → [O,O,X,3,X,O,6,X,8] → [O,O,X,3,X,O,X,X,8]",34,"[0,O,X,3,4,5,6,7,8] → [0,O,X,3,4,5,6,X,8] → [0,O,X,3,4,O,6,X,8]",Player X made/forced Player O...,0,0.146238702,"[0,O,X,3,4,5,6,7,8]","[0,O,X,3,4,5,6,X,8]","[0,O,X,3,4,O,6,X,8]",0.016595689
39,3_0_45,"[0,1,X,3,4,5,6,7,8] → [0,O,X,3,4,5,6,7,8] → [0,O,X,3,4,5,6,X,8] → [0,O,X,3,4,O,6,X,8] → [0,O,X,3,X,O,6,X,8] → [O,O,X,3,X,O,6,X,8] → [O,O,X,3,X,O,X,X,8]",45,"[0,O,X,3,4,5,6,X,8] → [0,O,X,3,4,O,6,X,8] → [0,O,X,3,X,O,6,X,8]",Player O made/forced Player X...,1,0.163478829,"[0,O,X,3,4,5,6,X,8]","[0,O,X,3,4,O,6,X,8]","[0,O,X,3,X,O,6,X,8]",0.25
40,3_0_56,"[0,1,X,3,4,5,6,7,8] → [0,O,X,3,4,5,6,7,8] → [0,O,X,3,4,5,6,X,8] → [0,O,X,3,4,O,6,X,8] → [0,O,X,3,X,O,6,X,8] → [O,O,X,3,X,O,6,X,8] → [O,O,X,3,X,O,X,X,8]",56,"[0,O,X,3,4,O,6,X,8] → [0,O,X,3,X,O,6,X,8] → [O,O,X,3,X,O,6,X,8]",Player X made/forced Player O...,0,0.196772572,"[0,O,X,3,4,O,6,X,8]","[0,O,X,3,X,O,6,X,8]","[O,O,X,3,X,O,6,X,8]",0.049787068
41,3_0_67,"[0,1,X,3,4,5,6,7,8] → [0,O,X,3,4,5,6,7,8] → [0,O,X,3,4,5,6,X,8] → [0,O,X,3,4,O,6,X,8] → [0,O,X,3,X,O,6,X,8] → [O,O,X,3,X,O,6,X,8] → [O,O,X,3,X,O,X,X,8]",67,"[0,O,X,3,X,O,6,X,8] → [O,O,X,3,X,O,6,X,8] → [O,O,X,3,X,O,X,X,8]",Player O made/forced Player X...,1,0.501713198,"[0,O,X,3,X,O,6,X,8]","[O,O,X,3,X,O,6,X,8]","[O,O,X,3,X,O,X,X,8]",0.333333333
42,3_25_12,"[0,X,2,3,4,5,6,7,8] → [O,X,2,3,4,5,6,7,8] → [O,X,2,3,4,5,6,X,8] → [O,X,2,3,4,O,6,X,8] → [O,X,2,3,4,O,X,X,8] → [O,X,2,3,O,O,X,X,8] → [O,X,2,3,O,O,X,X,X]",12,"[0,1,2,3,4,5,6,7,8] → [0,X,2,3,4,5,6,7,8] → [O,X,2,3,4,5,6,7,8]",Player X made/forced Player O...,0,0.134357461,"[0,1,2,3,4,5,6,7,8]","[0,X,2,3,4,5,6,7,8]","[O,X,2,3,4,5,6,7,8]",0.111111111
43,3_25_23,"[0,X,2,3,4,5,6,7,8] → [O,X,2,3,4,5,6,7,8] → [O,X,2,3,4,5,6,X,8] → [O,X,2,3,4,O,6,X,8] → [O,X,2,3,4,O,X,X,8] → [O,X,2,3,O,O,X,X,8] → [O,X,2,3,O,O,X,X,X]",23,"[0,X,2,3,4,5,6,7,8] → [O,X,2,3,4,5,6,7,8] → [O,X,2,3,4,5,6,X,8]",Player O made/forced Player X...,1,0.132091266,"[0,X,2,3,4,5,6,7,8]","[O,X,2,3,4,5,6,7,8]","[O,X,2,3,4,5,6,X,8]",0.012446767
44,3_25_34,"[0,X,2,3,4,5,6,7,8] → [O,X,2,3,4,5,6,7,8] → [O,X,2,3,4,5,6,X,8] → [O,X,2,3,4,O,6,X,8] → [O,X,2,3,4,O,X,X,8] → [O,X,2,3,O,O,X,X,8] → [O,X,2,3,O,O,X,X,X]",34,"[O,X,2,3,4,5,6,7,8] → [O,X,2,3,4,5,6,X,8] → [O,X,2,3,4,O,6,X,8]",Player X made/forced Player O...,0,0.140089844,"[O,X,2,3,4,5,6,7,8]","[O,X,2,3,4,5,6,X,8]","[O,X,2,3,4,O,6,X,8]",0
45,3_25_45,"[0,X,2,3,4,5,6,7,8] → [O,X,2,3,4,5,6,7,8] → [O,X,2,3,4,5,6,X,8] → [O,X,2,3,4,O,6,X,8] → [O,X,2,3,4,O,X,X,8] → [O,X,2,3,O,O,X,X,8] → [O,X,2,3,O,O,X,X,X]",45,"[O,X,2,3,4,5,6,X,8] → [O,X,2,3,4,O,6,X,8] → [O,X,2,3,4,O,X,X,8]",Player O made/forced Player X...,1,0.163478829,"[O,X,2,3,4,5,6,X,8]","[O,X,2,3,4,O,6,X,8]","[O,X,2,3,4,O,X,X,8]",0.2
46,3_25_56,"[0,X,2,3,4,5,6,7,8] → [O,X,2,3,4,5,6,7,8] → [O,X,2,3,4,5,6,X,8] → [O,X,2,3,4,O,6,X,8] → [O,X,2,3,4,O,X,X,8] → [O,X,2,3,O,O,X,X,8] → [O,X,2,3,O,O,X,X,X]",56,"[O,X,2,3,4,O,6,X,8] → [O,X,2,3,4,O,X,X,8] → [O,X,2,3,O,O,X,X,8]",Player X made/forced Player O...,0,0.25,"[O,X,2,3,4,O,6,X,8]","[O,X,2,3,4,O,X,X,8]","[O,X,2,3,O,O,X,X,8]",0.106506979
47,3_25_67,"[0,X,2,3,4,5,6,7,8] → [O,X,2,3,4,5,6,7,8] → [O,X,2,3,4,5,6,X,8] → [O,X,2,3,4,O,6,X,8] → [O,X,2,3,4,O,X,X,8] → [O,X,2,3,O,O,X,X,8] → [O,X,2,3,O,O,X,X,X]",67,"[O,X,2,3,4,O,X,X,8] → [O,X,2,3,O,O,X,X,8] → [O,X,2,3,O,O,X,X,X]",Player O made/forced Player X...,1,0.501713198,"[O,X,2,3,4,O,X,X,8]","[O,X,2,3,O,O,X,X,8]","[O,X,2,3,O,O,X,X,X]",0.25
48,3_5_12,"[0,X,2,3,4,5,6,7,8] → [O,X,2,3,4,5,6,7,8] → [O,X,2,X,4,5,6,7,8] → [O,X,O,X,4,5,6,7,8] → [O,X,O,X,X,5,6,7,8] → [O,X,O,X,X,5,X,7,8] → [O,X,O,X,X,5,X,X,8]",12,"[0,1,2,3,4,5,6,7,8] → [0,X,2,3,4,5,6,7,8] → [O,X,2,3,4,5,6,7,8]",Player X made/forced Player O...,0,0.134357461,"[0,1,2,3,4,5,6,7,8]","[0,X,2,3,4,5,6,7,8]","[O,X,2,3,4,5,6,7,8]",0.111111111
49,3_5_23,"[0,X,2,3,4,5,6,7,8] → [O,X,2,3,4,5,6,7,8] → [O,X,2,X,4,5,6,7,8] → [O,X,O,X,4,5,6,7,8] → [O,X,O,X,X,5,6,7,8] → [O,X,O,X,X,5,X,7,8] → [O,X,O,X,X,5,X,X,8]",23,"[0,X,2,3,4,5,6,7,8] → [O,X,2,3,4,5,6,7,8] → [O,X,2,X,4,5,6,7,8]",Player O made/forced Player X...,1,0.150931551,"[0,X,2,3,4,5,6,7,8]","[O,X,2,3,4,5,6,7,8]","[O,X,2,X,4,5,6,7,8]",0.012446767
50,3_5_34,"[0,X,2,3,4,5,6,7,8] → [O,X,2,3,4,5,6,7,8] → [O,X,2,X,4,5,6,7,8] → [O,X,O,X,4,5,6,7,8] → [O,X,O,X,X,5,6,7,8] → [O,X,O,X,X,5,X,7,8] → [O,X,O,X,X,5,X,X,8]",34,"[O,X,2,3,4,5,6,7,8] → [O,X,2,X,4,5,6,7,8] → [O,X,O,X,4,5,6,7,8]",Player X made/forced Player O...,0,0.150055334,"[O,X,2,3,4,5,6,7,8]","[O,X,2,X,4,5,6,7,8]","[O,X,O,X,4,5,6,7,8]",0.25
51,3_5_45,"[0,X,2,3,4,5,6,7,8] → [O,X,2,3,4,5,6,7,8] → [O,X,2,X,4,5,6,7,8] → [O,X,O,X,4,5,6,7,8] → [O,X,O,X,X,5,6,7,8] → [O,X,O,X,X,5,X,7,8] → [O,X,O,X,X,5,X,X,8]",45,"[O,X,2,X,4,5,6,7,8] → [O,X,O,X,4,5,6,7,8] → [O,X,O,X,X,5,6,7,8]",Player O made/forced Player X...,1,0.346084684,"[O,X,2,X,4,5,6,7,8]","[O,X,O,X,4,5,6,7,8]","[O,X,O,X,X,5,6,7,8]",0.333333333
52,3_5_56,"[0,X,2,3,4,5,6,7,8] → [O,X,2,3,4,5,6,7,8] → [O,X,2,X,4,5,6,7,8] → [O,X,O,X,4,5,6,7,8] → [O,X,O,X,X,5,6,7,8] → [O,X,O,X,X,5,X,7,8] → [O,X,O,X,X,5,X,X,8]",56,"[O,X,O,X,4,5,6,7,8] → [O,X,O,X,X,5,6,7,8] → [O,X,O,X,X,5,O,7,8]",Player X made/forced Player O...,0,0.25,"[O,X,O,X,4,5,6,7,8]","[O,X,O,X,X,5,6,7,8]","[O,X,O,X,X,5,O,7,8]",1
53,3_5_67,"[0,X,2,3,4,5,6,7,8] → [O,X,2,3,4,5,6,7,8] → [O,X,2,X,4,5,6,7,8] → [O,X,O,X,4,5,6,7,8] → [O,X,O,X,X,5,6,7,8] → [O,X,O,X,X,5,X,7,8] → [O,X,O,X,X,5,X,X,8]",67,"[O,X,O,X,X,5,6,7,8] → [O,X,O,X,X,5,X,7,8] → [O,X,O,X,X,5,X,O,8]",Player O made/forced Player X...,1,0.333333333,"[O,X,O,X,X,5,6,7,8]","[O,X,O,X,X,5,X,7,8]","[O,X,O,X,X,5,X,O,8]",0.059601461
54,3_75_12,"[0,1,2,X,4,5,6,7,8] → [O,1,2,X,4,5,6,7,8] → [O,X,2,X,4,5,6,7,8] → [O,X,O,X,4,5,6,7,8] → [O,X,O,X,X,5,6,7,8] → [O,X,O,X,X,O,6,7,8] → [O,X,O,X,X,O,6,X,8]",12,"[0,1,2,3,4,5,6,7,8] → [0,1,2,X,4,5,6,7,8] → [O,1,2,X,4,5,6,7,8]",Player X made/forced Player O...,0,0.134357461,"[0,1,2,3,4,5,6,7,8]","[0,1,2,X,4,5,6,7,8]","[O,1,2,X,4,5,6,7,8]",0.111111111
55,3_75_23,"[0,1,2,X,4,5,6,7,8] → [O,1,2,X,4,5,6,7,8] → [O,X,2,X,4,5,6,7,8] → [O,X,O,X,4,5,6,7,8] → [O,X,O,X,X,5,6,7,8] → [O,X,O,X,X,O,6,7,8] → [O,X,O,X,X,O,6,X,8]",23,"[0,1,2,X,4,5,6,7,8] → [O,1,2,X,4,5,6,7,8] → [O,X,2,X,4,5,6,7,8]",Player O made/forced Player X...,1,0.150931551,"[0,1,2,X,4,5,6,7,8]","[O,1,2,X,4,5,6,7,8]","[O,X,2,X,4,5,6,7,8]",0.012446767
56,3_75_34,"[0,1,2,X,4,5,6,7,8] → [O,1,2,X,4,5,6,7,8] → [O,X,2,X,4,5,6,7,8] → [O,X,O,X,4,5,6,7,8] → [O,X,O,X,X,5,6,7,8] → [O,X,O,X,X,O,6,7,8] → [O,X,O,X,X,O,6,X,8]",34,"[O,1,2,X,4,5,6,7,8] → [O,X,2,X,4,5,6,7,8] → [O,X,O,X,4,5,6,7,8]",Player X made/forced Player O...,0,0.150055334,"[O,1,2,X,4,5,6,7,8]","[O,X,2,X,4,5,6,7,8]","[O,X,O,X,4,5,6,7,8]",0.25
57,3_75_45,"[0,1,2,X,4,5,6,7,8] → [O,1,2,X,4,5,6,7,8] → [O,X,2,X,4,5,6,7,8] → [O,X,O,X,4,5,6,7,8] → [O,X,O,X,X,5,6,7,8] → [O,X,O,X,X,O,6,7,8] → [O,X,O,X,X,O,6,X,8]",45,"[O,X,2,X,4,5,6,7,8] → [O,X,O,X,4,5,6,7,8] → [O,X,O,X,X,5,6,7,8]",Player O made/forced Player X...,1,0.346084684,"[O,X,2,X,4,5,6,7,8]","[O,X,O,X,4,5,6,7,8]","[O,X,O,X,X,5,6,7,8]",0.333333333
58,3_75_56,"[0,1,2,X,4,5,6,7,8] → [O,1,2,X,4,5,6,7,8] → [O,X,2,X,4,5,6,7,8] → [O,X,O,X,4,5,6,7,8] → [O,X,O,X,X,5,6,7,8] → [O,X,O,X,X,O,6,7,8] → [O,X,O,X,X,O,6,X,8]",56,"[O,X,O,X,4,5,6,7,8] → [O,X,O,X,X,5,6,7,8] → [O,X,O,X,X,O,6,7,8]",Player X made/forced Player O...,0,0.25,"[O,X,O,X,4,5,6,7,8]","[O,X,O,X,X,5,6,7,8]","[O,X,O,X,X,O,6,7,8]",1
59,3_75_67,"[0,1,2,X,4,5,6,7,8] → [O,1,2,X,4,5,6,7,8] → [O,X,2,X,4,5,6,7,8] → [O,X,O,X,4,5,6,7,8] → [O,X,O,X,X,5,6,7,8] → [O,X,O,X,X,O,6,7,8] → [O,X,O,X,X,O,6,X,8]",67,"[O,X,O,X,X,5,6,7,8] → [O,X,O,X,X,O,6,7,8] → [O,X,O,X,X,O,6,X,8]",Player O made/forced Player X...,1,0.501713198,"[O,X,O,X,X,5,6,7,8]","[O,X,O,X,X,O,6,7,8]","[O,X,O,X,X,O,6,X,8]",0.25
60,2_0_12,"[0,1,2,3,4,5,X,7,8] → [O,1,2,3,4,5,X,7,8] → [O,1,2,X,4,5,X,7,8] → [O,O,2,X,4,5,X,7,8] → [O,O,X,X,4,5,X,7,8] → [O,O,X,X,4,5,X,O,8] → [O,O,X,X,4,X,X,O,8] → [O,O,X,X,O,X,X,O,8]",12,"[0,1,2,3,4,5,6,7,8] → [0,1,2,3,4,5,X,7,8] → [O,1,2,3,4,5,X,7,8]",Player X made/forced Player O...,1,0.109136304,"[0,1,2,3,4,5,6,7,8]","[0,1,2,3,4,5,X,7,8]","[O,1,2,3,4,5,X,7,8]",0.111111111
61,2_0_23,"[0,1,2,3,4,5,X,7,8] → [O,1,2,3,4,5,X,7,8] → [O,1,2,X,4,5,X,7,8] → [O,O,2,X,4,5,X,7,8] → [O,O,X,X,4,5,X,7,8] → [O,O,X,X,4,5,X,O,8] → [O,O,X,X,4,X,X,O,8] → [O,O,X,X,O,X,X,O,8]",23,"[0,1,2,3,4,5,X,7,8] → [O,1,2,3,4,5,X,7,8] → [O,1,2,X,4,5,X,7,8]",Player O made/forced Player X...,0,0.129436598,"[0,1,2,3,4,5,X,7,8]","[O,1,2,3,4,5,X,7,8]","[O,1,2,X,4,5,X,7,8]",0.142857143
62,2_0_34,"[0,1,2,3,4,5,X,7,8] → [O,1,2,3,4,5,X,7,8] → [O,1,2,X,4,5,X,7,8] → [O,O,2,X,4,5,X,7,8] → [O,O,X,X,4,5,X,7,8] → [O,O,X,X,4,5,X,O,8] → [O,O,X,X,4,X,X,O,8] → [O,O,X,X,O,X,X,O,8]",34,"[O,1,2,3,4,5,X,7,8] → [O,1,2,X,4,5,X,7,8] → [O,O,2,X,4,5,X,7,8]",Player X made/forced Player O...,1,0.207522596,"[O,1,2,3,4,5,X,7,8]","[O,1,2,X,4,5,X,7,8]","[O,O,2,X,4,5,X,7,8]",0.002245982
63,2_0_45,"[0,1,2,3,4,5,X,7,8] → [O,1,2,3,4,5,X,7,8] → [O,1,2,X,4,5,X,7,8] → [O,O,2,X,4,5,X,7,8] → [O,O,X,X,4,5,X,7,8] → [O,O,X,X,4,5,X,O,8] → [O,O,X,X,4,X,X,O,8] → [O,O,X,X,O,X,X,O,8]",45,"[O,1,2,X,4,5,X,7,8] → [O,O,2,X,4,5,X,7,8] → [O,O,X,X,4,5,X,7,8]",Player O made/forced Player X...,0,0.346084684,"[O,1,2,X,4,5,X,7,8]","[O,O,2,X,4,5,X,7,8]","[O,O,X,X,4,5,X,7,8]",0.003368973
64,2_0_56,"[0,1,2,3,4,5,X,7,8] → [O,1,2,3,4,5,X,7,8] → [O,1,2,X,4,5,X,7,8] → [O,O,2,X,4,5,X,7,8] → [O,O,X,X,4,5,X,7,8] → [O,O,X,X,4,5,X,O,8] → [O,O,X,X,4,X,X,O,8] → [O,O,X,X,O,X,X,O,8]",56,"[O,O,2,X,4,5,X,7,8] → [O,O,X,X,4,5,X,7,8] → [O,O,X,X,4,5,X,O,8]",Player X made/forced Player O...,1,0.196772572,"[O,O,2,X,4,5,X,7,8]","[O,O,X,X,4,5,X,7,8]","[O,O,X,X,4,5,X,O,8]",0
65,2_0_67,"[0,1,2,3,4,5,X,7,8] → [O,1,2,3,4,5,X,7,8] → [O,1,2,X,4,5,X,7,8] → [O,O,2,X,4,5,X,7,8] → [O,O,X,X,4,5,X,7,8] → [O,O,X,X,4,5,X,O,8] → [O,O,X,X,4,X,X,O,8] → [O,O,X,X,O,X,X,O,8]",67,"[O,O,X,X,4,5,X,7,8] → [O,O,X,X,4,5,X,O,8] → [O,O,X,X,4,X,X,O,8]",Player O made/forced Player X...,0,0.249143401,"[O,O,X,X,4,5,X,7,8]","[O,O,X,X,4,5,X,O,8]","[O,O,X,X,4,X,X,O,8]",0.333333333
66,2_0_78,"[0,1,2,3,4,5,X,7,8] → [O,1,2,3,4,5,X,7,8] → [O,1,2,X,4,5,X,7,8] → [O,O,2,X,4,5,X,7,8] → [O,O,X,X,4,5,X,7,8] → [O,O,X,X,4,5,X,O,8] → [O,O,X,X,4,X,X,O,8] → [O,O,X,X,O,X,X,O,8]",78,"[O,O,X,X,4,5,X,O,8] → [O,O,X,X,4,X,X,O,8] → [O,O,X,X,O,X,X,O,8]",Player X made/forced Player O...,1,0.645656306,"[O,O,X,X,4,5,X,O,8]","[O,O,X,X,4,X,X,O,8]","[O,O,X,X,O,X,X,O,8]",0.006737947
67,2_25_12,"[0,1,2,X,4,5,6,7,8] → [0,1,2,X,O,5,6,7,8] → [0,1,2,X,O,5,6,7,X] → [0,1,2,X,O,O,6,7,X] → [0,1,X,X,O,O,6,7,X] → [0,1,X,X,O,O,6,O,X] → [X,1,X,X,O,O,6,O,X] → [X,O,X,X,O,O,6,O,X]",12,"[0,1,2,3,4,5,6,7,8] → [0,1,2,X,4,5,6,7,8] → [0,1,2,X,O,5,6,7,8]",Player X made/forced Player O...,1,0.134357461,"[0,1,2,3,4,5,6,7,8]","[0,1,2,X,4,5,6,7,8]","[0,1,2,X,O,5,6,7,8]",0.111111111
68,2_25_23,"[0,1,2,X,4,5,6,7,8] → [0,1,2,X,O,5,6,7,8] → [0,1,2,X,O,5,6,7,X] → [0,1,2,X,O,O,6,7,X] → [0,1,X,X,O,O,6,7,X] → [0,1,X,X,O,O,6,O,X] → [X,1,X,X,O,O,6,O,X] → [X,O,X,X,O,O,6,O,X]",23,"[0,1,2,X,4,5,6,7,8] → [0,1,2,X,O,5,6,7,8] → [0,1,2,X,O,5,6,7,X]",Player O made/forced Player X...,0,0.141463943,"[0,1,2,X,4,5,6,7,8]","[0,1,2,X,O,5,6,7,8]","[0,1,2,X,O,5,6,7,X]",0.012446767
69,2_25_34,"[0,1,2,X,4,5,6,7,8] → [0,1,2,X,O,5,6,7,8] → [0,1,2,X,O,5,6,7,X] → [0,1,2,X,O,O,6,7,X] → [0,1,X,X,O,O,6,7,X] → [0,1,X,X,O,O,6,O,X] → [X,1,X,X,O,O,6,O,X] → [X,O,X,X,O,O,6,O,X]",34,"[0,1,2,X,O,5,6,7,8] → [0,1,2,X,O,5,6,7,X] → [0,1,2,X,O,O,6,7,X]",Player X made/forced Player O...,1,0.155746654,"[0,1,2,X,O,5,6,7,8]","[0,1,2,X,O,5,6,7,X]","[0,1,2,X,O,O,6,7,X]",0.166666667
70,2_25_45,"[0,1,2,X,4,5,6,7,8] → [0,1,2,X,O,5,6,7,8] → [0,1,2,X,O,5,6,7,X] → [0,1,2,X,O,O,6,7,X] → [0,1,X,X,O,O,6,7,X] → [0,1,X,X,O,O,6,O,X] → [X,1,X,X,O,O,6,O,X] → [X,O,X,X,O,O,6,O,X]",45,"[0,1,2,X,O,5,6,7,X] → [0,1,2,X,O,O,6,7,X] → [0,1,X,X,O,O,6,7,X]",Player O made/forced Player X...,0,0.163478829,"[0,1,2,X,O,5,6,7,X]","[0,1,2,X,O,O,6,7,X]","[0,1,X,X,O,O,6,7,X]",0.5
71,2_25_56,"[0,1,2,X,4,5,6,7,8] → [0,1,2,X,O,5,6,7,8] → [0,1,2,X,O,5,6,7,X] → [0,1,2,X,O,O,6,7,X] → [0,1,X,X,O,O,6,7,X] → [0,1,X,X,O,O,6,O,X] → [X,1,X,X,O,O,6,O,X] → [X,O,X,X,O,O,6,O,X]",56,"[0,1,2,X,O,O,6,7,X] → [0,1,X,X,O,O,6,7,X] → [0,1,X,X,O,O,6,O,X]",Player X made/forced Player O...,1,0.25,"[0,1,2,X,O,O,6,7,X]","[0,1,X,X,O,O,6,7,X]","[0,1,X,X,O,O,6,O,X]",0.049787068
72,2_25_67,"[0,1,2,X,4,5,6,7,8] → [0,1,2,X,O,5,6,7,8] → [0,1,2,X,O,5,6,7,X] → [0,1,2,X,O,O,6,7,X] → [0,1,X,X,O,O,6,7,X] → [0,1,X,X,O,O,6,O,X] → [X,1,X,X,O,O,6,O,X] → [X,O,X,X,O,O,6,O,X]",67,"[0,1,X,X,O,O,6,7,X] → [0,1,X,X,O,O,6,O,X] → [X,1,X,X,O,O,6,O,X]",Player O made/forced Player X...,0,0.249143401,"[0,1,X,X,O,O,6,7,X]","[0,1,X,X,O,O,6,O,X]","[X,1,X,X,O,O,6,O,X]",0.25
73,2_25_78,"[0,1,2,X,4,5,6,7,8] → [0,1,2,X,O,5,6,7,8] → [0,1,2,X,O,5,6,7,X] → [0,1,2,X,O,O,6,7,X] → [0,1,X,X,O,O,6,7,X] → [0,1,X,X,O,O,6,O,X] → [X,1,X,X,O,O,6,O,X] → [X,O,X,X,O,O,6,O,X]",78,"[0,1,X,X,O,O,6,O,X] → [X,1,X,X,O,O,6,O,X] → [X,O,X,X,O,O,6,O,X]",Player X made/forced Player O...,1,0.645656306,"[0,1,X,X,O,O,6,O,X]","[X,1,X,X,O,O,6,O,X]","[X,O,X,X,O,O,6,O,X]",0
74,2_5_12,"[0,1,2,3,4,5,6,7,X] → [0,1,2,3,O,5,6,7,X] → [0,1,X,3,O,5,6,7,X] → [0,1,X,3,O,O,6,7,X] → [0,1,X,X,O,O,6,7,X] → [0,O,X,X,O,O,6,7,X] → [0,O,X,X,O,O,X,7,X] → [0,O,X,X,O,O,X,O,X]",12,"[0,1,2,3,4,5,6,7,8] → [0,1,2,3,4,5,6,7,X] → [0,1,2,3,O,5,6,7,X]",Player X made/forced Player O...,1,0.236045874,"[0,1,2,3,4,5,6,7,8]","[0,1,2,3,4,5,6,7,X]","[0,1,2,3,O,5,6,7,X]",0.111111111
75,2_5_23,"[0,1,2,3,4,5,6,7,X] → [0,1,2,3,O,5,6,7,X] → [0,1,X,3,O,5,6,7,X] → [0,1,X,3,O,O,6,7,X] → [0,1,X,X,O,O,6,7,X] → [0,O,X,X,O,O,6,7,X] → [0,O,X,X,O,O,X,7,X] → [0,O,X,X,O,O,X,O,X]",23,"[0,1,2,3,4,5,6,7,X] → [0,1,2,3,O,5,6,7,X] → [0,1,X,3,O,5,6,7,X]",Player O made/forced Player X...,0,0.142857143,"[0,1,2,3,4,5,6,7,X]","[0,1,2,3,O,5,6,7,X]","[0,1,X,3,O,5,6,7,X]",0.007112438
76,2_5_34,"[0,1,2,3,4,5,6,7,X] → [0,1,2,3,O,5,6,7,X] → [0,1,X,3,O,5,6,7,X] → [0,1,X,3,O,O,6,7,X] → [0,1,X,X,O,O,6,7,X] → [0,O,X,X,O,O,6,7,X] → [0,O,X,X,O,O,X,7,X] → [0,O,X,X,O,O,X,O,X]",34,"[0,1,2,3,O,5,6,7,X] → [0,1,X,3,O,5,6,7,X] → [0,1,X,3,O,O,6,7,X]",Player X made/forced Player O...,1,0.299550782,"[0,1,2,3,O,5,6,7,X]","[0,1,X,3,O,5,6,7,X]","[0,1,X,3,O,O,6,7,X]",0.142857143
77,2_5_45,"[0,1,2,3,4,5,6,7,X] → [0,1,2,3,O,5,6,7,X] → [0,1,X,3,O,5,6,7,X] → [0,1,X,3,O,O,6,7,X] → [0,1,X,X,O,O,6,7,X] → [0,O,X,X,O,O,6,7,X] → [0,O,X,X,O,O,X,7,X] → [0,O,X,X,O,O,X,O,X]",45,"[0,1,X,3,O,5,6,7,X] → [0,1,X,3,O,O,6,7,X] → [0,1,X,X,O,O,6,7,X]",Player O made/forced Player X...,0,0.346084684,"[0,1,X,3,O,5,6,7,X]","[0,1,X,3,O,O,6,7,X]","[0,1,X,X,O,O,6,7,X]",0.001347589
78,2_5_56,"[0,1,2,3,4,5,6,7,X] → [0,1,2,3,O,5,6,7,X] → [0,1,X,3,O,5,6,7,X] → [0,1,X,3,O,O,6,7,X] → [0,1,X,X,O,O,6,7,X] → [0,O,X,X,O,O,6,7,X] → [0,O,X,X,O,O,X,7,X] → [0,O,X,X,O,O,X,O,X]",56,"[0,1,X,3,O,O,6,7,X] → [0,1,X,X,O,O,6,7,X] → [0,O,X,X,O,O,6,7,X]",Player X made/forced Player O...,1,0.25,"[0,1,X,3,O,O,6,7,X]","[0,1,X,X,O,O,6,7,X]","[0,O,X,X,O,O,6,7,X]",1
79,2_5_67,"[0,1,2,3,4,5,6,7,X] → [0,1,2,3,O,5,6,7,X] → [0,1,X,3,O,5,6,7,X] → [0,1,X,3,O,O,6,7,X] → [0,1,X,X,O,O,6,7,X] → [0,O,X,X,O,O,6,7,X] → [0,O,X,X,O,O,X,7,X] → [0,O,X,X,O,O,X,O,X]",67,"[0,1,X,X,O,O,6,7,X] → [0,O,X,X,O,O,6,7,X] → [0,O,X,X,O,O,X,7,X]",Player O made/forced Player X...,0,0.249143401,"[0,1,X,X,O,O,6,7,X]","[0,O,X,X,O,O,6,7,X]","[0,O,X,X,O,O,X,7,X]",0.25
80,2_5_78,"[0,1,2,3,4,5,6,7,X] → [0,1,2,3,O,5,6,7,X] → [0,1,X,3,O,5,6,7,X] → [0,1,X,3,O,O,6,7,X] → [0,1,X,X,O,O,6,7,X] → [0,O,X,X,O,O,6,7,X] → [0,O,X,X,O,O,X,7,X] → [0,O,X,X,O,O,X,O,X]",78,"[0,O,X,X,O,O,6,7,X] → [0,O,X,X,O,O,X,7,X] → [0,O,X,X,O,O,X,O,X]",Player X made/forced Player O...,1,0.645656306,"[0,O,X,X,O,O,6,7,X]","[0,O,X,X,O,O,X,7,X]","[0,O,X,X,O,O,X,O,X]",0
81,2_75_12,"[0,1,2,X,4,5,6,7,8] → [O,1,2,X,4,5,6,7,8] → [O,1,2,X,4,5,6,X,8] → [O,1,O,X,4,5,6,X,8] → [O,X,O,X,4,5,6,X,8] → [O,X,O,X,O,5,6,X,8] → [O,X,O,X,O,X,6,X,8] → [O,X,O,X,O,X,O,X,8]",12,"[0,1,2,3,4,5,6,7,8] → [0,1,2,X,4,5,6,7,8] → [O,1,2,X,4,5,6,7,8]",Player X made/forced Player O...,1,0.134357461,"[0,1,2,3,4,5,6,7,8]","[0,1,2,X,4,5,6,7,8]","[O,1,2,X,4,5,6,7,8]",0.111111111
82,2_75_23,"[0,1,2,X,4,5,6,7,8] → [O,1,2,X,4,5,6,7,8] → [O,1,2,X,4,5,6,X,8] → [O,1,O,X,4,5,6,X,8] → [O,X,O,X,4,5,6,X,8] → [O,X,O,X,O,5,6,X,8] → [O,X,O,X,O,X,6,X,8] → [O,X,O,X,O,X,O,X,8]",23,"[0,1,2,X,4,5,6,7,8] → [O,1,2,X,4,5,6,7,8] → [O,1,2,X,4,5,6,X,8]",Player O made/forced Player X...,0,0.132091266,"[0,1,2,X,4,5,6,7,8]","[O,1,2,X,4,5,6,7,8]","[O,1,2,X,4,5,6,X,8]",0.012446767
83,2_75_34,"[0,1,2,X,4,5,6,7,8] → [O,1,2,X,4,5,6,7,8] → [O,1,2,X,4,5,6,X,8] → [O,1,O,X,4,5,6,X,8] → [O,X,O,X,4,5,6,X,8] → [O,X,O,X,O,5,6,X,8] → [O,X,O,X,O,X,6,X,8] → [O,X,O,X,O,X,O,X,8]",34,"[O,1,2,X,4,5,6,7,8] → [O,1,2,X,4,5,6,X,8] → [O,1,O,X,4,5,6,X,8]",Player X made/forced Player O...,1,0.299550782,"[O,1,2,X,4,5,6,7,8]","[O,1,2,X,4,5,6,X,8]","[O,1,O,X,4,5,6,X,8]",0
84,2_75_45,"[0,1,2,X,4,5,6,7,8] → [O,1,2,X,4,5,6,7,8] → [O,1,2,X,4,5,6,X,8] → [O,1,O,X,4,5,6,X,8] → [O,X,O,X,4,5,6,X,8] → [O,X,O,X,O,5,6,X,8] → [O,X,O,X,O,X,6,X,8] → [O,X,O,X,O,X,O,X,8]",45,"[O,1,2,X,4,5,6,X,8] → [O,1,O,X,4,5,6,X,8] → [O,X,O,X,4,5,6,X,8]",Player O made/forced Player X...,0,0.346084684,"[O,1,2,X,4,5,6,X,8]","[O,1,O,X,4,5,6,X,8]","[O,X,O,X,4,5,6,X,8]",0.003155452
85,2_75_56,"[0,1,2,X,4,5,6,7,8] → [O,1,2,X,4,5,6,7,8] → [O,1,2,X,4,5,6,X,8] → [O,1,O,X,4,5,6,X,8] → [O,X,O,X,4,5,6,X,8] → [O,X,O,X,O,5,6,X,8] → [O,X,O,X,O,X,6,X,8] → [O,X,O,X,O,X,O,X,8]",56,"[O,1,O,X,4,5,6,X,8] → [O,X,O,X,4,5,6,X,8] → [O,X,O,X,O,5,6,X,8]",Player X made/forced Player O...,1,0.409682283,"[O,1,O,X,4,5,6,X,8]","[O,X,O,X,4,5,6,X,8]","[O,X,O,X,O,5,6,X,8]",0
86,2_75_67,"[0,1,2,X,4,5,6,7,8] → [O,1,2,X,4,5,6,7,8] → [O,1,2,X,4,5,6,X,8] → [O,1,O,X,4,5,6,X,8] → [O,X,O,X,4,5,6,X,8] → [O,X,O,X,O,5,6,X,8] → [O,X,O,X,O,X,6,X,8] → [O,X,O,X,O,X,O,X,8]",67,"[O,X,O,X,4,5,6,X,8] → [O,X,O,X,O,5,6,X,8] → [O,X,O,X,O,X,6,X,8]",Player O made/forced Player X...,0,0.333333333,"[O,X,O,X,4,5,6,X,8]","[O,X,O,X,O,5,6,X,8]","[O,X,O,X,O,X,6,X,8]",0.002245982
87,2_75_78,"[0,1,2,X,4,5,6,7,8] → [O,1,2,X,4,5,6,7,8] → [O,1,2,X,4,5,6,X,8] → [O,1,O,X,4,5,6,X,8] → [O,X,O,X,4,5,6,X,8] → [O,X,O,X,O,5,6,X,8] → [O,X,O,X,O,X,6,X,8] → [O,X,O,X,O,X,O,X,8]",78,"[O,X,O,X,O,5,6,X,8] → [O,X,O,X,O,X,6,X,8] → [O,X,O,X,O,X,O,X,8]",Player X made/forced Player O...,1,0.5,"[O,X,O,X,O,5,6,X,8]","[O,X,O,X,O,X,6,X,8]","[O,X,O,X,O,X,O,X,8]",0
88,1_0_12,"[0,1,2,X,4,5,6,7,8] → [O,1,2,X,4,5,6,7,8] → [O,1,2,X,4,5,X,7,8] → [O,1,O,X,4,5,X,7,8] → [O,1,O,X,4,5,X,X,8] → [O,1,O,X,O,5,X,X,8] → [O,X,O,X,O,5,X,X,8] → [O,X,O,X,O,O,X,X,8] → [O,X,O,X,O,O,X,X,X]",12,"[0,1,2,3,4,5,6,7,8] → [0,1,2,X,4,5,6,7,8] → [O,1,2,X,4,5,6,7,8]",Player X made/forced Player O...,0,0.134357461,"[0,1,2,3,4,5,6,7,8]","[0,1,2,X,4,5,6,7,8]","[O,1,2,X,4,5,6,7,8]",0.111111111
89,1_0_23,"[0,1,2,X,4,5,6,7,8] → [O,1,2,X,4,5,6,7,8] → [O,1,2,X,4,5,X,7,8] → [O,1,O,X,4,5,X,7,8] → [O,1,O,X,4,5,X,X,8] → [O,1,O,X,O,5,X,X,8] → [O,X,O,X,O,5,X,X,8] → [O,X,O,X,O,O,X,X,8] → [O,X,O,X,O,O,X,X,X]",23,"[0,1,2,X,4,5,6,7,8] → [O,1,2,X,4,5,6,7,8] → [O,1,2,X,4,5,X,7,8]",Player O made/forced Player X...,1,0.132091266,"[0,1,2,X,4,5,6,7,8]","[O,1,2,X,4,5,6,7,8]","[O,1,2,X,4,5,X,7,8]",0.012446767
90,1_0_34,"[0,1,2,X,4,5,6,7,8] → [O,1,2,X,4,5,6,7,8] → [O,1,2,X,4,5,X,7,8] → [O,1,O,X,4,5,X,7,8] → [O,1,O,X,4,5,X,X,8] → [O,1,O,X,O,5,X,X,8] → [O,X,O,X,O,5,X,X,8] → [O,X,O,X,O,O,X,X,8] → [O,X,O,X,O,O,X,X,X]",34,"[O,1,2,X,4,5,6,7,8] → [O,1,2,X,4,5,X,7,8] → [O,1,O,X,4,5,X,7,8]",Player X made/forced Player O...,0,0.207522596,"[O,1,2,X,4,5,6,7,8]","[O,1,2,X,4,5,X,7,8]","[O,1,O,X,4,5,X,7,8]",0
91,1_0_45,"[0,1,2,X,4,5,6,7,8] → [O,1,2,X,4,5,6,7,8] → [O,1,2,X,4,5,X,7,8] → [O,1,O,X,4,5,X,7,8] → [O,1,O,X,4,5,X,X,8] → [O,1,O,X,O,5,X,X,8] → [O,X,O,X,O,5,X,X,8] → [O,X,O,X,O,O,X,X,8] → [O,X,O,X,O,O,X,X,X]",45,"[O,1,2,X,4,5,X,7,8] → [O,1,O,X,4,5,X,7,8] → [O,1,O,X,4,5,X,X,8]",Player O made/forced Player X...,1,0.163478829,"[O,1,2,X,4,5,X,7,8]","[O,1,O,X,4,5,X,7,8]","[O,1,O,X,4,5,X,X,8]",0.003368973
92,1_0_56,"[0,1,2,X,4,5,6,7,8] → [O,1,2,X,4,5,6,7,8] → [O,1,2,X,4,5,X,7,8] → [O,1,O,X,4,5,X,7,8] → [O,1,O,X,4,5,X,X,8] → [O,1,O,X,O,5,X,X,8] → [O,X,O,X,O,5,X,X,8] → [O,X,O,X,O,O,X,X,8] → [O,X,O,X,O,O,X,X,X]",56,"[O,1,O,X,4,5,X,7,8] → [O,1,O,X,4,5,X,X,8] → [O,1,O,X,O,5,X,X,8]",Player X made/forced Player O...,0,0.196772572,"[O,1,O,X,4,5,X,7,8]","[O,1,O,X,4,5,X,X,8]","[O,1,O,X,O,5,X,X,8]",0
93,1_0_67,"[0,1,2,X,4,5,6,7,8] → [O,1,2,X,4,5,6,7,8] → [O,1,2,X,4,5,X,7,8] → [O,1,O,X,4,5,X,7,8] → [O,1,O,X,4,5,X,X,8] → [O,1,O,X,O,5,X,X,8] → [O,X,O,X,O,5,X,X,8] → [O,X,O,X,O,O,X,X,8] → [O,X,O,X,O,O,X,X,X]",67,"[O,1,O,X,4,5,X,X,8] → [O,1,O,X,O,5,X,X,8] → [O,X,O,X,O,5,X,X,8]",Player O made/forced Player X...,1,0.249143401,"[O,1,O,X,4,5,X,X,8]","[O,1,O,X,O,5,X,X,8]","[O,X,O,X,O,5,X,X,8]",0.5
94,1_0_78,"[0,1,2,X,4,5,6,7,8] → [O,1,2,X,4,5,6,7,8] → [O,1,2,X,4,5,X,7,8] → [O,1,O,X,4,5,X,7,8] → [O,1,O,X,4,5,X,X,8] → [O,1,O,X,O,5,X,X,8] → [O,X,O,X,O,5,X,X,8] → [O,X,O,X,O,O,X,X,8] → [O,X,O,X,O,O,X,X,X]",78,"[O,1,O,X,O,5,X,X,8] → [O,X,O,X,O,5,X,X,8] → [O,X,O,X,O,O,X,X,8]",Player X made/forced Player O...,0,0.354343694,"[O,1,O,X,O,5,X,X,8]","[O,X,O,X,O,5,X,X,8]","[O,X,O,X,O,O,X,X,8]",0.006737947
95,1_0_89,"[0,1,2,X,4,5,6,7,8] → [O,1,2,X,4,5,6,7,8] → [O,1,2,X,4,5,X,7,8] → [O,1,O,X,4,5,X,7,8] → [O,1,O,X,4,5,X,X,8] → [O,1,O,X,O,5,X,X,8] → [O,X,O,X,O,5,X,X,8] → [O,X,O,X,O,O,X,X,8] → [O,X,O,X,O,O,X,X,X]",89,"[O,X,O,X,O,5,X,X,8] → [O,X,O,X,O,O,X,X,8] → [O,X,O,X,O,O,X,X,X]",Player O made/forced Player X...,1,1,"[O,X,O,X,O,5,X,X,8]","[O,X,O,X,O,O,X,X,8]","[O,X,O,X,O,O,X,X,X]",1
96,1_25_12,"[X,1,2,3,4,5,6,7,8] → [X,1,2,3,O,5,6,7,8] → [X,1,2,3,O,X,6,7,8] → [X,1,2,O,O,X,6,7,8] → [X,1,X,O,O,X,6,7,8] → [X,O,X,O,O,X,6,7,8] → [X,O,X,O,O,X,6,X,8] → [X,O,X,O,O,X,6,X,O] → [X,O,X,O,O,X,X,X,O]",12,"[0,1,2,3,4,5,6,7,8] → [X,1,2,3,4,5,6,7,8] → [X,1,2,3,O,5,6,7,8]",Player X made/forced Player O...,0,0.236045874,"[0,1,2,3,4,5,6,7,8]","[X,1,2,3,4,5,6,7,8]","[X,1,2,3,O,5,6,7,8]",0.111111111
97,1_25_23,"[X,1,2,3,4,5,6,7,8] → [X,1,2,3,O,5,6,7,8] → [X,1,2,3,O,X,6,7,8] → [X,1,2,O,O,X,6,7,8] → [X,1,X,O,O,X,6,7,8] → [X,O,X,O,O,X,6,7,8] → [X,O,X,O,O,X,6,X,8] → [X,O,X,O,O,X,6,X,O] → [X,O,X,O,O,X,X,X,O]",23,"[X,1,2,3,4,5,6,7,8] → [X,1,2,3,O,5,6,7,8] → [X,1,2,3,O,X,6,7,8]",Player O made/forced Player X...,0,0.142857143,"[X,1,2,3,4,5,6,7,8]","[X,1,2,3,O,5,6,7,8]","[X,1,2,3,O,X,6,7,8]",0.007112438
98,1_25_34,"[X,1,2,3,4,5,6,7,8] → [X,1,2,3,O,5,6,7,8] → [X,1,2,3,O,X,6,7,8] → [X,1,2,O,O,X,6,7,8] → [X,1,X,O,O,X,6,7,8] → [X,O,X,O,O,X,6,7,8] → [X,O,X,O,O,X,6,X,8] → [X,O,X,O,O,X,6,X,O] → [X,O,X,O,O,X,X,X,O]",34,"[X,1,2,3,O,5,6,7,8] → [X,1,2,3,O,X,6,7,8] → [X,1,2,O,O,X,6,7,8]",Player X made/forced Player O...,0,0.155746654,"[X,1,2,3,O,5,6,7,8]","[X,1,2,3,O,X,6,7,8]","[X,1,2,O,O,X,6,7,8]",0.142857143
99,1_25_45,"[X,1,2,3,4,5,6,7,8] → [X,1,2,3,O,5,6,7,8] → [X,1,2,3,O,X,6,7,8] → [X,1,2,O,O,X,6,7,8] → [X,1,X,O,O,X,6,7,8] → [X,O,X,O,O,X,6,7,8] → [X,O,X,O,O,X,6,X,8] → [X,O,X,O,O,X,6,X,O] → [X,O,X,O,O,X,X,X,O]",45,"[X,1,2,3,O,X,6,7,8] → [X,1,2,O,O,X,6,7,8] → [X,1,X,O,O,X,6,7,8]",Player O made/forced Player X...,0,0.346084684,"[X,1,2,3,O,X,6,7,8]","[X,1,2,O,O,X,6,7,8]","[X,1,X,O,O,X,6,7,8]",0.5
100,1_25_56,"[X,1,2,3,4,5,6,7,8] → [X,1,2,3,O,5,6,7,8] → [X,1,2,3,O,X,6,7,8] → [X,1,2,O,O,X,6,7,8] → [X,1,X,O,O,X,6,7,8] → [X,O,X,O,O,X,6,7,8] → [X,O,X,O,O,X,6,X,8] → [X,O,X,O,O,X,6,X,O] → [X,O,X,O,O,X,X,X,O]",56,"[X,1,2,O,O,X,6,7,8] → [X,1,X,O,O,X,6,7,8] → [X,O,X,O,O,X,6,7,8]",Player X made/forced Player O...,0,0.25,"[X,1,2,O,O,X,6,7,8]","[X,1,X,O,O,X,6,7,8]","[X,O,X,O,O,X,6,7,8]",1
101,1_25_67,"[X,1,2,3,4,5,6,7,8] → [X,1,2,3,O,5,6,7,8] → [X,1,2,3,O,X,6,7,8] → [X,1,2,O,O,X,6,7,8] → [X,1,X,O,O,X,6,7,8] → [X,O,X,O,O,X,6,7,8] → [X,O,X,O,O,X,6,X,8] → [X,O,X,O,O,X,6,X,O] → [X,O,X,O,O,X,X,X,O]",67,"[X,1,X,O,O,X,6,7,8] → [X,O,X,O,O,X,6,7,8] → [X,O,X,O,O,X,6,X,8]",Player O made/forced Player X...,0,0.249143401,"[X,1,X,O,O,X,6,7,8]","[X,O,X,O,O,X,6,7,8]","[X,O,X,O,O,X,6,X,8]",0.25
102,1_25_78,"[X,1,2,3,4,5,6,7,8] → [X,1,2,3,O,5,6,7,8] → [X,1,2,3,O,X,6,7,8] → [X,1,2,O,O,X,6,7,8] → [X,1,X,O,O,X,6,7,8] → [X,O,X,O,O,X,6,7,8] → [X,O,X,O,O,X,6,X,8] → [X,O,X,O,O,X,6,X,O] → [X,O,X,O,O,X,X,X,O]",78,"[X,O,X,O,O,X,6,7,8] → [X,O,X,O,O,X,6,X,8] → [X,O,X,O,O,X,6,X,O]",Player X made/forced Player O...,0,0.645656306,"[X,O,X,O,O,X,6,7,8]","[X,O,X,O,O,X,6,X,8]","[X,O,X,O,O,X,6,X,O]",0.049787068
103,1_25_89,"[X,1,2,3,4,5,6,7,8] → [X,1,2,3,O,5,6,7,8] → [X,1,2,3,O,X,6,7,8] → [X,1,2,O,O,X,6,7,8] → [X,1,X,O,O,X,6,7,8] → [X,O,X,O,O,X,6,7,8] → [X,O,X,O,O,X,6,X,8] → [X,O,X,O,O,X,6,X,O] → [X,O,X,O,O,X,X,X,O]",89,"[X,O,X,O,O,X,6,X,8] → [X,O,X,O,O,X,6,X,O] → [X,O,X,O,O,X,X,X,O]",Player O made/forced Player X...,0,1,"[X,O,X,O,O,X,6,X,8]","[X,O,X,O,O,X,6,X,O]","[X,O,X,O,O,X,X,X,O]",0.367879441
104,1_5_12,"[0,1,2,X,4,5,6,7,8] → [0,1,2,X,4,O,6,7,8] → [0,1,X,X,4,O,6,7,8] → [0,1,X,X,4,O,6,7,O] → [X,1,X,X,4,O,6,7,O] → [X,1,X,X,4,O,O,7,O] → [X,1,X,X,X,O,O,7,O] → [X,O,X,X,X,O,O,7,O] → [X,O,X,X,X,O,O,X,O]",12,"[0,1,2,3,4,5,6,7,8] → [0,1,2,X,4,5,6,7,8] → [0,1,2,X,4,O,6,7,8]",Player X made/forced Player O...,0,0.134357461,"[0,1,2,3,4,5,6,7,8]","[0,1,2,X,4,5,6,7,8]","[0,1,2,X,4,O,6,7,8]",0.111111111
105,1_5_23,"[0,1,2,X,4,5,6,7,8] → [0,1,2,X,4,O,6,7,8] → [0,1,X,X,4,O,6,7,8] → [0,1,X,X,4,O,6,7,O] → [X,1,X,X,4,O,6,7,O] → [X,1,X,X,4,O,O,7,O] → [X,1,X,X,X,O,O,7,O] → [X,O,X,X,X,O,O,7,O] → [X,O,X,X,X,O,O,X,O]",23,"[0,1,2,X,4,5,6,7,8] → [0,1,2,X,4,O,6,7,8] → [0,1,X,X,4,O,6,7,8]",Player O made/forced Player X...,0,0.142857143,"[0,1,2,X,4,5,6,7,8]","[0,1,2,X,4,O,6,7,8]","[0,1,X,X,4,O,6,7,8]",0.012446767
106,1_5_34,"[0,1,2,X,4,5,6,7,8] → [0,1,2,X,4,O,6,7,8] → [0,1,X,X,4,O,6,7,8] → [0,1,X,X,4,O,6,7,O] → [X,1,X,X,4,O,6,7,O] → [X,1,X,X,4,O,O,7,O] → [X,1,X,X,X,O,O,7,O] → [X,O,X,X,X,O,O,7,O] → [X,O,X,X,X,O,O,X,O]",34,"[0,1,2,X,4,O,6,7,8] → [0,1,X,X,4,O,6,7,8] → [0,1,X,X,4,O,6,7,O]",Player X made/forced Player O...,0,0.146238702,"[0,1,2,X,4,O,6,7,8]","[0,1,X,X,4,O,6,7,8]","[0,1,X,X,4,O,6,7,O]",0.142857143
107,1_5_45,"[0,1,2,X,4,5,6,7,8] → [0,1,2,X,4,O,6,7,8] → [0,1,X,X,4,O,6,7,8] → [0,1,X,X,4,O,6,7,O] → [X,1,X,X,4,O,6,7,O] → [X,1,X,X,4,O,O,7,O] → [X,1,X,X,X,O,O,7,O] → [X,O,X,X,X,O,O,7,O] → [X,O,X,X,X,O,O,X,O]",45,"[0,1,X,X,4,O,6,7,8] → [0,1,X,X,4,O,6,7,O] → [X,1,X,X,4,O,6,7,O]",Player O made/forced Player X...,0,0.240987436,"[0,1,X,X,4,O,6,7,8]","[0,1,X,X,4,O,6,7,O]","[X,1,X,X,4,O,6,7,O]",0.25
108,1_5_56,"[0,1,2,X,4,5,6,7,8] → [0,1,2,X,4,O,6,7,8] → [0,1,X,X,4,O,6,7,8] → [0,1,X,X,4,O,6,7,O] → [X,1,X,X,4,O,6,7,O] → [X,1,X,X,4,O,O,7,O] → [X,1,X,X,X,O,O,7,O] → [X,O,X,X,X,O,O,7,O] → [X,O,X,X,X,O,O,X,O]",56,"[0,1,X,X,4,O,6,7,O] → [X,1,X,X,4,O,6,7,O] → [X,1,X,X,4,O,O,7,O]",Player X made/forced Player O...,0,0.25,"[0,1,X,X,4,O,6,7,O]","[X,1,X,X,4,O,6,7,O]","[X,1,X,X,4,O,O,7,O]",0.440398539
109,1_5_67,"[0,1,2,X,4,5,6,7,8] → [0,1,2,X,4,O,6,7,8] → [0,1,X,X,4,O,6,7,8] → [0,1,X,X,4,O,6,7,O] → [X,1,X,X,4,O,6,7,O] → [X,1,X,X,4,O,O,7,O] → [X,1,X,X,X,O,O,7,O] → [X,O,X,X,X,O,O,7,O] → [X,O,X,X,X,O,O,X,O]",67,"[X,1,X,X,4,O,6,7,O] → [X,1,X,X,4,O,O,7,O] → [X,1,X,X,X,O,O,7,O]",Player O made/forced Player X...,0,0.249143401,"[X,1,X,X,4,O,6,7,O]","[X,1,X,X,4,O,O,7,O]","[X,1,X,X,X,O,O,7,O]",0.25
110,1_5_78,"[0,1,2,X,4,5,6,7,8] → [0,1,2,X,4,O,6,7,8] → [0,1,X,X,4,O,6,7,8] → [0,1,X,X,4,O,6,7,O] → [X,1,X,X,4,O,6,7,O] → [X,1,X,X,4,O,O,7,O] → [X,1,X,X,X,O,O,7,O] → [X,O,X,X,X,O,O,7,O] → [X,O,X,X,X,O,O,X,O]",78,"[X,1,X,X,4,O,O,7,O] → [X,1,X,X,X,O,O,7,O] → [X,O,X,X,X,O,O,7,O]",Player X made/forced Player O...,0,0.354343694,"[X,1,X,X,4,O,O,7,O]","[X,1,X,X,X,O,O,7,O]","[X,O,X,X,X,O,O,7,O]",0.006737947
111,1_5_89,"[0,1,2,X,4,5,6,7,8] → [0,1,2,X,4,O,6,7,8] → [0,1,X,X,4,O,6,7,8] → [0,1,X,X,4,O,6,7,O] → [X,1,X,X,4,O,6,7,O] → [X,1,X,X,4,O,O,7,O] → [X,1,X,X,X,O,O,7,O] → [X,O,X,X,X,O,O,7,O] → [X,O,X,X,X,O,O,X,O]",89,"[X,1,X,X,X,O,O,7,O] → [X,O,X,X,X,O,O,7,O] → [X,O,X,X,X,O,O,X,O]",Player O made/forced Player X...,0,1,"[X,1,X,X,X,O,O,7,O]","[X,O,X,X,X,O,O,7,O]","[X,O,X,X,X,O,O,X,O]",1
112,1_75_12,"[0,1,2,X,4,5,6,7,8] → [O,1,2,X,4,5,6,7,8] → [O,1,2,X,4,5,X,7,8] → [O,1,2,X,O,5,X,7,8] → [O,1,2,X,O,5,X,7,X] → [O,1,2,X,O,5,X,O,X] → [O,X,2,X,O,5,X,O,X] → [O,X,O,X,O,5,X,O,X] → [O,X,O,X,O,X,X,O,X]",12,"[0,1,2,3,4,5,6,7,8] → [0,1,2,X,4,5,6,7,8] → [O,1,2,X,4,5,6,7,8]",Player X made/forced Player O...,0,0.134357461,"[0,1,2,3,4,5,6,7,8]","[0,1,2,X,4,5,6,7,8]","[O,1,2,X,4,5,6,7,8]",0.111111111
113,1_75_23,"[0,1,2,X,4,5,6,7,8] → [O,1,2,X,4,5,6,7,8] → [O,1,2,X,4,5,X,7,8] → [O,1,2,X,O,5,X,7,8] → [O,1,2,X,O,5,X,7,X] → [O,1,2,X,O,5,X,O,X] → [O,X,2,X,O,5,X,O,X] → [O,X,O,X,O,5,X,O,X] → [O,X,O,X,O,X,X,O,X]",23,"[0,1,2,X,4,5,6,7,8] → [O,1,2,X,4,5,6,7,8] → [O,1,2,X,4,5,X,7,8]",Player O made/forced Player X...,0,0.132091266,"[0,1,2,X,4,5,6,7,8]","[O,1,2,X,4,5,6,7,8]","[O,1,2,X,4,5,X,7,8]",0.012446767
114,1_75_34,"[0,1,2,X,4,5,6,7,8] → [O,1,2,X,4,5,6,7,8] → [O,1,2,X,4,5,X,7,8] → [O,1,2,X,O,5,X,7,8] → [O,1,2,X,O,5,X,7,X] → [O,1,2,X,O,5,X,O,X] → [O,X,2,X,O,5,X,O,X] → [O,X,O,X,O,5,X,O,X] → [O,X,O,X,O,X,X,O,X]",34,"[O,1,2,X,4,5,6,7,8] → [O,1,2,X,4,5,X,7,8] → [O,1,2,X,O,5,X,7,8]",Player X made/forced Player O...,0,0.146238702,"[O,1,2,X,4,5,6,7,8]","[O,1,2,X,4,5,X,7,8]","[O,1,2,X,O,5,X,7,8]",0
115,1_75_45,"[0,1,2,X,4,5,6,7,8] → [O,1,2,X,4,5,6,7,8] → [O,1,2,X,4,5,X,7,8] → [O,1,2,X,O,5,X,7,8] → [O,1,2,X,O,5,X,7,X] → [O,1,2,X,O,5,X,O,X] → [O,X,2,X,O,5,X,O,X] → [O,X,O,X,O,5,X,O,X] → [O,X,O,X,O,X,X,O,X]",45,"[O,1,2,X,4,5,X,7,8] → [O,1,2,X,O,5,X,7,8] → [O,1,2,X,O,5,X,7,X]",Player O made/forced Player X...,0,0.346084684,"[O,1,2,X,4,5,X,7,8]","[O,1,2,X,O,5,X,7,8]","[O,1,2,X,O,5,X,7,X]",0.024893534
116,1_75_56,"[0,1,2,X,4,5,6,7,8] → [O,1,2,X,4,5,6,7,8] → [O,1,2,X,4,5,X,7,8] → [O,1,2,X,O,5,X,7,8] → [O,1,2,X,O,5,X,7,X] → [O,1,2,X,O,5,X,O,X] → [O,X,2,X,O,5,X,O,X] → [O,X,O,X,O,5,X,O,X] → [O,X,O,X,O,X,X,O,X]",56,"[O,1,2,X,O,5,X,7,8] → [O,1,2,X,O,5,X,7,X] → [O,1,2,X,O,5,X,O,X]",Player X made/forced Player O...,0,0.409682283,"[O,1,2,X,O,5,X,7,8]","[O,1,2,X,O,5,X,7,X]","[O,1,2,X,O,5,X,O,X]",1
117,1_75_67,"[0,1,2,X,4,5,6,7,8] → [O,1,2,X,4,5,6,7,8] → [O,1,2,X,4,5,X,7,8] → [O,1,2,X,O,5,X,7,8] → [O,1,2,X,O,5,X,7,X] → [O,1,2,X,O,5,X,O,X] → [O,X,2,X,O,5,X,O,X] → [O,X,O,X,O,5,X,O,X] → [O,X,O,X,O,X,X,O,X]",67,"[O,1,2,X,O,5,X,7,X] → [O,1,2,X,O,5,X,O,X] → [O,X,2,X,O,5,X,O,X]",Player O made/forced Player X...,0,0.501713198,"[O,1,2,X,O,5,X,7,X]","[O,1,2,X,O,5,X,O,X]","[O,X,2,X,O,5,X,O,X]",0.016595689
118,1_75_78,"[0,1,2,X,4,5,6,7,8] → [O,1,2,X,4,5,6,7,8] → [O,1,2,X,4,5,X,7,8] → [O,1,2,X,O,5,X,7,8] → [O,1,2,X,O,5,X,7,X] → [O,1,2,X,O,5,X,O,X] → [O,X,2,X,O,5,X,O,X] → [O,X,O,X,O,5,X,O,X] → [O,X,O,X,O,X,X,O,X]",78,"[O,1,2,X,O,5,X,O,X] → [O,X,2,X,O,5,X,O,X] → [O,X,O,X,O,5,X,O,X]",Player X made/forced Player O...,0,0.5,"[O,1,2,X,O,5,X,O,X]","[O,X,2,X,O,5,X,O,X]","[O,X,O,X,O,5,X,O,X]",1
119,1_75_89,"[0,1,2,X,4,5,6,7,8] → [O,1,2,X,4,5,6,7,8] → [O,1,2,X,4,5,X,7,8] → [O,1,2,X,O,5,X,7,8] → [O,1,2,X,O,5,X,7,X] → [O,1,2,X,O,5,X,O,X] → [O,X,2,X,O,5,X,O,X] → [O,X,O,X,O,5,X,O,X] → [O,X,O,X,O,X,X,O,X]",89,"[O,X,2,X,O,5,X,O,X] → [O,X,O,X,O,5,X,O,X] → [O,X,O,X,O,X,X,O,X]",Player O made/forced Player X...,0,1,"[O,X,2,X,O,5,X,O,X]","[O,X,O,X,O,5,X,O,X]","[O,X,O,X,O,X,X,O,X]",0.5
120,1_1_12,"[0,1,2,3,4,X,6,7,8] → [0,1,O,3,4,X,6,7,8] → [X,1,O,3,4,X,6,7,8] → [X,1,O,O,4,X,6,7,8] → [X,X,O,O,4,X,6,7,8] → [X,X,O,O,O,X,6,7,8] → [X,X,O,O,O,X,X,7,8] → [X,X,O,O,O,X,X,O,8] → [X,X,O,O,O,X,X,O,X]",12,"[0,1,2,3,4,5,6,7,8] → [0,1,2,3,4,X,6,7,8] → [0,1,O,3,4,X,6,7,8]",Player X made/forced Player O...,0,0.134357461,"[0,1,2,3,4,5,6,7,8]","[0,1,2,3,4,X,6,7,8]","[0,1,O,3,4,X,6,7,8]",0.111111111
121,1_1_23,"[0,1,2,3,4,X,6,7,8] → [0,1,O,3,4,X,6,7,8] → [X,1,O,3,4,X,6,7,8] → [X,1,O,O,4,X,6,7,8] → [X,X,O,O,4,X,6,7,8] → [X,X,O,O,O,X,6,7,8] → [X,X,O,O,O,X,X,7,8] → [X,X,O,O,O,X,X,O,8] → [X,X,O,O,O,X,X,O,X]",23,"[0,1,2,3,4,X,6,7,8] → [0,1,O,3,4,X,6,7,8] → [X,1,O,3,4,X,6,7,8]",Player O made/forced Player X...,0,0.150931551,"[0,1,2,3,4,X,6,7,8]","[0,1,O,3,4,X,6,7,8]","[X,1,O,3,4,X,6,7,8]",0.012446767
122,1_1_34,"[0,1,2,3,4,X,6,7,8] → [0,1,O,3,4,X,6,7,8] → [X,1,O,3,4,X,6,7,8] → [X,1,O,O,4,X,6,7,8] → [X,X,O,O,4,X,6,7,8] → [X,X,O,O,O,X,6,7,8] → [X,X,O,O,O,X,X,7,8] → [X,X,O,O,O,X,X,O,8] → [X,X,O,O,O,X,X,O,X]",34,"[0,1,O,3,4,X,6,7,8] → [X,1,O,3,4,X,6,7,8] → [X,1,O,O,4,X,6,7,8]",Player X made/forced Player O...,0,0.207522596,"[0,1,O,3,4,X,6,7,8]","[X,1,O,3,4,X,6,7,8]","[X,1,O,O,4,X,6,7,8]",0.25
123,1_1_45,"[0,1,2,3,4,X,6,7,8] → [0,1,O,3,4,X,6,7,8] → [X,1,O,3,4,X,6,7,8] → [X,1,O,O,4,X,6,7,8] → [X,X,O,O,4,X,6,7,8] → [X,X,O,O,O,X,6,7,8] → [X,X,O,O,O,X,X,7,8] → [X,X,O,O,O,X,X,O,8] → [X,X,O,O,O,X,X,O,X]",45,"[X,1,O,3,4,X,6,7,8] → [X,1,O,O,4,X,6,7,8] → [X,X,O,O,4,X,6,7,8]",Player O made/forced Player X...,0,0.2,"[X,1,O,3,4,X,6,7,8]","[X,1,O,O,4,X,6,7,8]","[X,X,O,O,4,X,6,7,8]",0.012446767
124,1_1_56,"[0,1,2,3,4,X,6,7,8] → [0,1,O,3,4,X,6,7,8] → [X,1,O,3,4,X,6,7,8] → [X,1,O,O,4,X,6,7,8] → [X,X,O,O,4,X,6,7,8] → [X,X,O,O,O,X,6,7,8] → [X,X,O,O,O,X,X,7,8] → [X,X,O,O,O,X,X,O,8] → [X,X,O,O,O,X,X,O,X]",56,"[X,1,O,O,4,X,6,7,8] → [X,X,O,O,4,X,6,7,8] → [X,X,O,O,O,X,6,7,8]",Player X made/forced Player O...,0,0.254096868,"[X,1,O,O,4,X,6,7,8]","[X,X,O,O,4,X,6,7,8]","[X,X,O,O,O,X,6,7,8]",0.2
125,1_1_67,"[0,1,2,3,4,X,6,7,8] → [0,1,O,3,4,X,6,7,8] → [X,1,O,3,4,X,6,7,8] → [X,1,O,O,4,X,6,7,8] → [X,X,O,O,4,X,6,7,8] → [X,X,O,O,O,X,6,7,8] → [X,X,O,O,O,X,X,7,8] → [X,X,O,O,O,X,X,O,8] → [X,X,O,O,O,X,X,O,X]",67,"[X,X,O,O,4,X,6,7,8] → [X,X,O,O,O,X,6,7,8] → [X,X,O,O,O,X,X,7,8]",Player O made/forced Player X...,0,0.501713198,"[X,X,O,O,4,X,6,7,8]","[X,X,O,O,O,X,6,7,8]","[X,X,O,O,O,X,X,7,8]",0.367879441
126,1_1_78,"[0,1,2,3,4,X,6,7,8] → [0,1,O,3,4,X,6,7,8] → [X,1,O,3,4,X,6,7,8] → [X,1,O,O,4,X,6,7,8] → [X,X,O,O,4,X,6,7,8] → [X,X,O,O,O,X,6,7,8] → [X,X,O,O,O,X,X,7,8] → [X,X,O,O,O,X,X,O,8] → [X,X,O,O,O,X,X,O,X]",78,"[X,X,O,O,O,X,6,7,8] → [X,X,O,O,O,X,X,7,8] → [X,X,O,O,O,X,X,O,8]",Player X made/forced Player O...,0,0.5,"[X,X,O,O,O,X,6,7,8]","[X,X,O,O,O,X,X,7,8]","[X,X,O,O,O,X,X,O,8]",1
127,1_1_89,"[0,1,2,3,4,X,6,7,8] → [0,1,O,3,4,X,6,7,8] → [X,1,O,3,4,X,6,7,8] → [X,1,O,O,4,X,6,7,8] → [X,X,O,O,4,X,6,7,8] → [X,X,O,O,O,X,6,7,8] → [X,X,O,O,O,X,X,7,8] → [X,X,O,O,O,X,X,O,8] → [X,X,O,O,O,X,X,O,X]",89,"[X,X,O,O,O,X,X,7,8] → [X,X,O,O,O,X,X,O,8] → [X,X,O,O,O,X,X,O,X]",Player O made/forced Player X...,0,1,"[X,X,O,O,O,X,X,7,8]","[X,X,O,O,O,X,X,O,8]","[X,X,O,O,O,X,X,O,X]",0.5